Workbook

Sheet EST
A1: Name | B1: Monday | C1: Tuesday | D1: Wednesday | E1: Thursday | F1: Friday | G1: Saturday | H1: Sunday | I1: Rest Day | J1: Break 1 | K1: Break 2 | L1: Lunch | M1: Break 3 | N1: Supervisor | O1: EST SHIFT | P1: Column1
A2: April Cinco | B2: 00:00 - 11:00 | C2: 00:00 - 11:00 | D2: 00:00 - 11:00 | E2: 00:00 - 11:00 | F2: OFF | G2: OFF | H2: OFF | I2: =_xlfn.TEXTJOIN(" - ",TRUE, IF(B2="OFF","Mon",""), IF(C2="OFF","Tue",""), IF(D2="OFF","Wed",""), IF(E2="OFF","Thu",""), IF(F2="OFF","Fri",""), IF(G2="OFF","Sat",""), IF(H2="OFF","Sun","")) -> Fri - Sat - Sun | J2: 0.1875 | K2: 0.28125 | L2: 0.083333333 | M2: 0.375 | N2: Christopher Borromeo | O2: 01:00 - 12:00 | P2: =IF(O2="OFF",0,IF(VALUE(LEFT(O2,2))<12,0,1)) -> 0
A3: Asleth Montemayor | B3: OFF | C3: 15:00 - 02:00 | D3: 15:00 - 02:00 | E3: 15:00 - 02:00 | F3: 15:00 - 02:00 | G3: OFF | H3: OFF | I3: =_xlfn.TEXTJOIN(" - ",TRUE, IF(B3="OFF","Mon",""), IF(C3="OFF","Tue",""), IF(D3="OFF","Wed",""), IF(E3="OFF","Thu",""), IF(F3="OFF","Fri",""), IF(G3="OFF","Sat",""), IF(H3="OFF","Sun","")) -> Mon - Sat - Sun | J3: 0.72916667 | K3: 0.79166667 | L3: 0.89583333 | M3: 0.020833333 | N3: Christopher Borromeo | O3: 15:00 - 02:00 | P3: =IF(O3="OFF",0,IF(VALUE(LEFT(O3,2))<12,0,1)) -> 1
A4: Brenda Lyn Degracia | B4: 08:00 - 19:00 | C4: 08:00 - 19:00 | D4: 08:00 - 19:00 | E4: 08:00 - 19:00 | F4: OFF | G4: OFF | H4: OFF | I4: =_xlfn.TEXTJOIN(" - ",TRUE, IF(B4="OFF","Mon",""), IF(C4="OFF","Tue",""), IF(D4="OFF","Wed",""), IF(E4="OFF","Thu",""), IF(F4="OFF","Fri",""), IF(G4="OFF","Sat",""), IF(H4="OFF","Sun","")) -> Fri - Sat - Sun | J4: 0.41666667 | K4: 0.5 | L4: 0.70833333 | M4: 0.58333333 | N4: Michael Dominguez | O4: 08:00 - 19:00 | P4: =IF(O4="OFF",0,IF(VALUE(LEFT(O4,2))<12,0,1)) -> 0
A5: Contessa Cirujales | B5: 13:00 - 00:00 | C5: 13:00 - 00:00 | D5: OFF | E5: OFF | F5: OFF | G5: 13:00 - 00:00 | H5: 13:00 - 00:00 | I5: =_xlfn.TEXTJOIN(" - ",TRUE, IF(B5="OFF","Mon",""), IF(C5="OFF","Tue",""), IF(D5="OFF","Wed",""), IF(E5="OFF","Thu",""), IF(F5="OFF","Fri",""), IF(G5="OFF","Sat",""), IF(H5="OFF","Sun","")) -> Wed - Thu - Fri | J5: 0.61458333 | K5: 0.69791667 | L5: 0.77083333 | M5: 0.89583333 | N5: Christopher Borromeo | O5: 13:00 - 00:00 | P5: =IF(O5="OFF",0,IF(VALUE(LEFT(O5,2))<12,0,1)) -> 1
A6: Janice Martirez | B6: OFF | C6: OFF | D6: 04:00 - 15:00 | E6: 04:00 - 15:00 | F6: 04:00 - 15:00 | G6: 04:00 - 15:00 | H6: OFF | I6: =_xlfn.TEXTJOIN(" - ",TRUE, IF(B6="OFF","Mon",""), IF(C6="OFF","Tue",""), IF(D6="OFF","Wed",""), IF(E6="OFF","Thu",""), IF(F6="OFF","Fri",""), IF(G6="OFF","Sat",""), IF(H6="OFF","Sun","")) -> Mon - Tue - Sun | J6: 0.38541667 | K6: 0.48958333 | L6: 0.25 | M6: 0.57291667 | N6: Christopher Borromeo | O6: 04:00 - 15:00 | P6: =IF(O6="OFF",0,IF(VALUE(LEFT(O6,2))<12,0,1)) -> 0
A7: Jarrah Jane De Castro | B7: 17:00 - 04:00 | C7: 17:00 - 04:00 | D7: 17:00 - 04:00 | E7: 17:00 - 04:00 | F7: OFF | G7: OFF | H7: OFF | I7: =_xlfn.TEXTJOIN(" - ",TRUE, IF(B7="OFF","Mon",""), IF(C7="OFF","Tue",""), IF(D7="OFF","Wed",""), IF(E7="OFF","Thu",""), IF(F7="OFF","Fri",""), IF(G7="OFF","Sat",""), IF(H7="OFF","Sun","")) -> Fri - Sat - Sun | J7: 0.79166667 | K7: 0.53125 | L7: 0.92708333 | M7: 0.11458333 | N7: Christopher Borromeo | O7: 17:00 - 04:00 | P7: =IF(O7="OFF",0,IF(VALUE(LEFT(O7,2))<12,0,1)) -> 1
A8: Jessica Mary Acuna | B8: 17:00 - 04:00 | C8: 17:00 - 04:00 | D8: 17:00 - 04:00 | E8: OFF | F8: OFF | G8: OFF | H8: 17:00 - 04:00 | I8: =_xlfn.TEXTJOIN(" - ",TRUE, IF(B8="OFF","Mon",""), IF(C8="OFF","Tue",""), IF(D8="OFF","Wed",""), IF(E8="OFF","Thu",""), IF(F8="OFF","Fri",""), IF(G8="OFF","Sat",""), IF(H8="OFF","Sun","")) -> Thu - Fri - Sat | J8: 0.8125 | K8: 0.40625 | L8: 0.041666667 | M8: 0.13541667 | N8: Christopher Borromeo | O8: 17:00 - 04:00 | P8: =IF(O8="OFF",0,IF(VALUE(LEFT(O8,2))<12,0,1)) -> 1
A9: Jewel Lei Sara | B9: OFF | C9: OFF | D9: 12:00 - 23:00 | E9: 12:00 - 23:00 | F9: 12:00 - 23:00 | G9: 12:00 - 23:00 | H9: OFF | I9: =_xlfn.TEXTJOIN(" - ",TRUE, IF(B9="OFF","Mon",""), IF(C9="OFF","Tue",""), IF(D9="OFF","Wed",""), IF(E9="OFF","Thu",""), IF(F9="OFF","Fri",""), IF(G9="OFF","Sat",""), IF(H9="OFF","Sun","")) -> Mon - Tue - Sun | J9: 0.59375 | K9: 0.6875 | L9: 0.78125 | M9: 0.89583333 | N9: Christopher Rodas | O9: 12:00 - 23:00 | P9: =IF(O9="OFF",0,IF(VALUE(LEFT(O9,2))<12,0,1)) -> 1
A10: Jhon Lloyd Camero | B10: 04:00 - 15:00 | C10: 04:00 - 15:00 | D10: 04:00 - 15:00 | E10: OFF | F10: OFF | G10: OFF | H10: 04:00 - 15:00 | I10: =_xlfn.TEXTJOIN(" - ",TRUE, IF(B10="OFF","Mon",""), IF(C10="OFF","Tue",""), IF(D10="OFF","Wed",""), IF(E10="OFF","Thu",""), IF(F10="OFF","Fri",""), IF(G10="OFF","Sat",""), IF(H10="OFF","Sun","")) -> Thu - Fri - Sat | J10: 0.22916667 | K10: 0.4375 | L10: 0.29166667 | M10: 0.53125 | N10: Michael Dominguez | O10: 04:00 - 15:00 | P10: =IF(O10="OFF",0,IF(VALUE(LEFT(O10,2))<12,0,1)) -> 0
A11: Jose Saldy Rubio | B11: OFF | C11: OFF | D11: OFF | E11: 17:00 - 04:00 | F11: 17:00 - 04:00 | G11: 17:00 - 04:00 | H11: 17:00 - 04:00 | I11: =_xlfn.TEXTJOIN(" - ",TRUE, IF(B11="OFF","Mon",""), IF(C11="OFF","Tue",""), IF(D11="OFF","Wed",""), IF(E11="OFF","Thu",""), IF(F11="OFF","Fri",""), IF(G11="OFF","Sat",""), IF(H11="OFF","Sun","")) -> Mon - Tue - Wed | J11: 0.82291667 | K11: 0.91666667 | L11: 0 | M11: 0.10416667 | N11: Christopher Borromeo | O11: 17:00 - 04:00 | P11: =IF(O11="OFF",0,IF(VALUE(LEFT(O11,2))<12,0,1)) -> 1
A12: Jubell Matanguihan | B12: OFF | C12: 02:00 - 13:00 | D12: 02:00 - 13:00 | E12: 02:00 - 13:00 | F12: 02:00 - 13:00 | G12: OFF | H12: OFF | I12: =_xlfn.TEXTJOIN(" - ",TRUE, IF(B12="OFF","Mon",""), IF(C12="OFF","Tue",""), IF(D12="OFF","Wed",""), IF(E12="OFF","Thu",""), IF(F12="OFF","Fri",""), IF(G12="OFF","Sat",""), IF(H12="OFF","Sun","")) -> Mon - Sat - Sun | J12: 0.29166667 | K12: 0.375 | L12: 0.16666667 | M12: 0.47916667 | N12: Christopher Borromeo | O12: 02:00 - 13:00 | P12: =IF(O12="OFF",0,IF(VALUE(LEFT(O12,2))<12,0,1)) -> 0
A13: Lyka Mae Basco | B13: 15:00 - 02:00 | C13: OFF | D13: OFF | E13: OFF | F13: 15:00 - 02:00 | G13: 15:00 - 02:00 | H13: 15:00 - 02:00 | I13: =_xlfn.TEXTJOIN(" - ",TRUE, IF(B13="OFF","Mon",""), IF(C13="OFF","Tue",""), IF(D13="OFF","Wed",""), IF(E13="OFF","Thu",""), IF(F13="OFF","Fri",""), IF(G13="OFF","Sat",""), IF(H13="OFF","Sun","")) -> Tue - Wed - Thu | J13: 0.73958333 | K13: 0.80208333 | L13: 0.96875 | M13: 0.86458333 | N13: Michael Dominguez | O13: 15:00 - 02:00 | P13: =IF(O13="OFF",0,IF(VALUE(LEFT(O13,2))<12,0,1)) -> 1
... A20: Kurt Abong | B20: OFF | C20: 17:00 - 04:00 | D20: 17:00 - 04:00 | E20: 17:00 - 04:00 | F20: 17:00 - 04:00 | G20: OFF | H20: OFF | I20: =_xlfn.TEXTJOIN(" - ",TRUE, IF(B20="OFF","Mon",""), IF(C20="OFF","Tue",""), IF(D20="OFF","Wed",""), IF(E20="OFF","Thu",""), IF(F20="OFF","Fri",""), IF(G20="OFF","Sat",""), IF(H20="OFF","Sun","")) -> Mon - Sat - Sun | J20: 0.8125 | K20: 0.40625 | L20: 0.041666667 | M20: 0.13541667 | N20: Michael Dominguez | O20: 17:00 - 04:00 | P20: =IF(O20="OFF",0,IF(VALUE(LEFT(O20,2))<12,0,1)) -> 1

Sheet PH
A1: Name | B1: Monday | C1: Tuesday | D1: Wednesday | E1: Thursday | F1: Friday | G1: Saturday | H1: Sunday | I1: Rest Day | J1: Break 1 | K1: Break 2 | L1: Lunch | M1: Break 3 | N1: Supervisor | O1: PH SHIFT | P1: OFFSET
A2: =Table2[[#This Row],[Name]] -> April Cinco | B2: =IFERROR(_xlfn.LET(_xlpm.s,SUBSTITUTE(IF(Table2[[#This Row],[Column1]]=1,Table2[[#This Row],[Sunday]],Table2[[#This Row],[Monday]])," ",""),IF(_xlpm.s="OFF","OFF",TEXT(MOD(TIMEVALUE(_xlfn.TEXTBEFORE(_xlpm.s,"-"))+0.5,1),"hh:mm")&" - "&TEXT(MOD(TIMEVALUE(_xlfn.TEXTAFTER(_xlpm.s,"-"))+0.5,1),"hh:mm"))),IF(Table2[[#This Row],[Column1]]=1,Table2[[#This Row],[Sunday]],Table2[[#This Row],[Monday]])) -> 12:00 - 23:00 | C2: =IFERROR(_xlfn.LET(_xlpm.s,SUBSTITUTE(IF(Table2[[#This Row],[Column1]]=1,Table2[[#This Row],[Monday]],Table2[[#This Row],[Tuesday]])," ",""),IF(_xlpm.s="OFF","OFF",TEXT(MOD(TIMEVALUE(_xlfn.TEXTBEFORE(_xlpm.s,"-"))+0.5,1),"hh:mm")&" - "&TEXT(MOD(TIMEVALUE(_xlfn.TEXTAFTER(_xlpm.s,"-"))+0.5,1),"hh:mm"))),IF(Table2[[#This Row],[Column1]]=1,Table2[[#This Row],[Monday]],Table2[[#This Row],[Tuesday]])) -> 12:00 - 23:00 | D2: =IFERROR(_xlfn.LET(_xlpm.s,SUBSTITUTE(IF(Table2[[#This Row],[Column1]]=1,Table2[[#This Row],[Tuesday]],Table2[[#This Row],[Wednesday]])," ",""),IF(_xlpm.s="OFF","OFF",TEXT(MOD(TIMEVALUE(_xlfn.TEXTBEFORE(_xlpm.s,"-"))+0.5,1),"hh:mm")&" - "&TEXT(MOD(TIMEVALUE(_xlfn.TEXTAFTER(_xlpm.s,"-"))+0.5,1),"hh:mm"))),IF(Table2[[#This Row],[Column1]]=1,Table2[[#This Row],[Tuesday]],Table2[[#This Row],[Wednesday]])) -> 12:00 - 23:00 | E2: =IFERROR(_xlfn.LET(_xlpm.s,SUBSTITUTE(IF(Table2[[#This Row],[Column1]]=1,Table2[[#This Row],[Wednesday]],Table2[[#This Row],[Thursday]])," ",""),IF(_xlpm.s="OFF","OFF",TEXT(MOD(TIMEVALUE(_xlfn.TEXTBEFORE(_xlpm.s,"-"))+0.5,1),"hh:mm")&" - "&TEXT(MOD(TIMEVALUE(_xlfn.TEXTAFTER(_xlpm.s,"-"))+0.5,1),"hh:mm"))),IF(Table2[[#This Row],[Column1]]=1,Table2[[#This Row],[Wednesday]],Table2[[#This Row],[Thursday]])) -> 12:00 - 23:00 | F2: =IFERROR(_xlfn.LET(_xlpm.s,SUBSTITUTE(IF(Table2[[#This Row],[Column1]]=1,Table2[[#This Row],[Thursday]],Table2[[#This Row],[Friday]])," ",""),IF(_xlpm.s="OFF","OFF",TEXT(MOD(TIMEVALUE(_xlfn.TEXTBEFORE(_xlpm.s,"-"))+0.5,1),"hh:mm")&" - "&TEXT(MOD(TIMEVALUE(_xlfn.TEXTAFTER(_xlpm.s,"-"))+0.5,1),"hh:mm"))),IF(Table2[[#This Row],[Column1]]=1,Table2[[#This Row],[Thursday]],Table2[[#This Row],[Friday]])) -> OFF | G2: =IFERROR(_xlfn.LET(_xlpm.s,SUBSTITUTE(IF(Table2[[#This Row],[Column1]]=1,Table2[[#This Row],[Friday]],Table2[[#This Row],[Saturday]])," ",""),IF(_xlpm.s="OFF","OFF",TEXT(MOD(TIMEVALUE(_xlfn.TEXTBEFORE(_xlpm.s,"-"))+0.5,1),"hh:mm")&" - "&TEXT(MOD(TIMEVALUE(_xlfn.TEXTAFTER(_xlpm.s,"-"))+0.5,1),"hh:mm"))),IF(Table2[[#This Row],[Column1]]=1,Table2[[#This Row],[Friday]],Table2[[#This Row],[Saturday]])) -> OFF | H2: =IFERROR(_xlfn.LET(_xlpm.s,SUBSTITUTE(IF(Table2[[#This Row],[Column1]]=1,Table2[[#This Row],[Saturday]],Table2[[#This Row],[Sunday]])," ",""),IF(_xlpm.s="OFF","OFF",TEXT(MOD(TIMEVALUE(_xlfn.TEXTBEFORE(_xlpm.s,"-"))+0.5,1),"hh:mm")&" - "&TEXT(MOD(TIMEVALUE(_xlfn.TEXTAFTER(_xlpm.s,"-"))+0.5,1),"hh:mm"))),IF(Table2[[#This Row],[Column1]]=1,Table2[[#This Row],[Saturday]],Table2[[#This Row],[Sunday]])) -> OFF | I2: =_xlfn.TEXTJOIN(" - ",TRUE, IF(B2="OFF","Mon",""), IF(C2="OFF","Tue",""), IF(D2="OFF","Wed",""), IF(E2="OFF","Thu",""), IF(F2="OFF","Fri",""), IF(G2="OFF","Sat",""), IF(H2="OFF","Sun","")) -> Fri - Sat - Sun | J2: =MOD(Table2[[#This Row],[Break 1]]+TIME(12,0,0),1) -> 0.6875 | K2: =MOD(Table2[[#This Row],[Break 2]]+TIME(12,0,0),1) -> 0.78125 | L2: =MOD(Table2[[#This Row],[Lunch]]+TIME(12,0,0),1) -> 0.58333333 | M2: =MOD(Table2[[#This Row],[Break 3]]+TIME(12,0,0),1) -> 0.875 | N2: =Table2[[#This Row],[Supervisor]] -> Christopher Borromeo | O2: 12:00 - 23:00 | P2: =IF(TIMEVALUE(LEFT(O2,FIND("-",O2)-1))>=12/24,0,1) -> 0
A3: =Table2[[#This Row],[Name]] -> Asleth Montemayor | B3: =IFERROR(_xlfn.LET(_xlpm.s,SUBSTITUTE(IF(Table2[[#This Row],[Column1]]=1,Table2[[#This Row],[Sunday]],Table2[[#This Row],[Monday]])," ",""),IF(_xlpm.s="OFF","OFF",TEXT(MOD(TIMEVALUE(_xlfn.TEXTBEFORE(_xlpm.s,"-"))+0.5,1),"hh:mm")&" - "&TEXT(MOD(TIMEVALUE(_xlfn.TEXTAFTER(_xlpm.s,"-"))+0.5,1),"hh:mm"))),IF(Table2[[#This Row],[Column1]]=1,Table2[[#This Row],[Sunday]],Table2[[#This Row],[Monday]])) -> OFF | C3: =IFERROR(_xlfn.LET(_xlpm.s,SUBSTITUTE(IF(Table2[[#This Row],[Column1]]=1,Table2[[#This Row],[Monday]],Table2[[#This Row],[Tuesday]])," ",""),IF(_xlpm.s="OFF","OFF",TEXT(MOD(TIMEVALUE(_xlfn.TEXTBEFORE(_xlpm.s,"-"))+0.5,1),"hh:mm")&" - "&TEXT(MOD(TIMEVALUE(_xlfn.TEXTAFTER(_xlpm.s,"-"))+0.5,1),"hh:mm"))),IF(Table2[[#This Row],[Column1]]=1,Table2[[#This Row],[Monday]],Table2[[#This Row],[Tuesday]])) -> OFF | D3: =IFERROR(_xlfn.LET(_xlpm.s,SUBSTITUTE(IF(Table2[[#This Row],[Column1]]=1,Table2[[#This Row],[Tuesday]],Table2[[#This Row],[Wednesday]])," ",""),IF(_xlpm.s="OFF","OFF",TEXT(MOD(TIMEVALUE(_xlfn.TEXTBEFORE(_xlpm.s,"-"))+0.5,1),"hh:mm")&" - "&TEXT(MOD(TIMEVALUE(_xlfn.TEXTAFTER(_xlpm.s,"-"))+0.5,1),"hh:mm"))),IF(Table2[[#This Row],[Column1]]=1,Table2[[#This Row],[Tuesday]],Table2[[#This Row],[Wednesday]])) -> 03:00 - 14:00 | E3: =IFERROR(_xlfn.LET(_xlpm.s,SUBSTITUTE(IF(Table2[[#This Row],[Column1]]=1,Table2[[#This Row],[Wednesday]],Table2[[#This Row],[Thursday]])," ",""),IF(_xlpm.s="OFF","OFF",TEXT(MOD(TIMEVALUE(_xlfn.TEXTBEFORE(_xlpm.s,"-"))+0.5,1),"hh:mm")&" - "&TEXT(MOD(TIMEVALUE(_xlfn.TEXTAFTER(_xlpm.s,"-"))+0.5,1),"hh:mm"))),IF(Table2[[#This Row],[Column1]]=1,Table2[[#This Row],[Wednesday]],Table2[[#This Row],[Thursday]])) -> 03:00 - 14:00 | F3: =IFERROR(_xlfn.LET(_xlpm.s,SUBSTITUTE(IF(Table2[[#This Row],[Column1]]=1,Table2[[#This Row],[Thursday]],Table2[[#This Row],[Friday]])," ",""),IF(_xlpm.s="OFF","OFF",TEXT(MOD(TIMEVALUE(_xlfn.TEXTBEFORE(_xlpm.s,"-"))+0.5,1),"hh:mm")&" - "&TEXT(MOD(TIMEVALUE(_xlfn.TEXTAFTER(_xlpm.s,"-"))+0.5,1),"hh:mm"))),IF(Table2[[#This Row],[Column1]]=1,Table2[[#This Row],[Thursday]],Table2[[#This Row],[Friday]])) -> 03:00 - 14:00 | G3: =IFERROR(_xlfn.LET(_xlpm.s,SUBSTITUTE(IF(Table2[[#This Row],[Column1]]=1,Table2[[#This Row],[Friday]],Table2[[#This Row],[Saturday]])," ",""),IF(_xlpm.s="OFF","OFF",TEXT(MOD(TIMEVALUE(_xlfn.TEXTBEFORE(_xlpm.s,"-"))+0.5,1),"hh:mm")&" - "&TEXT(MOD(TIMEVALUE(_xlfn.TEXTAFTER(_xlpm.s,"-"))+0.5,1),"hh:mm"))),IF(Table2[[#This Row],[Column1]]=1,Table2[[#This Row],[Friday]],Table2[[#This Row],[Saturday]])) -> 03:00 - 14:00 | H3: =IFERROR(_xlfn.LET(_xlpm.s,SUBSTITUTE(IF(Table2[[#This Row],[Column1]]=1,Table2[[#This Row],[Saturday]],Table2[[#This Row],[Sunday]])," ",""),IF(_xlpm.s="OFF","OFF",TEXT(MOD(TIMEVALUE(_xlfn.TEXTBEFORE(_xlpm.s,"-"))+0.5,1),"hh:mm")&" - "&TEXT(MOD(TIMEVALUE(_xlfn.TEXTAFTER(_xlpm.s,"-"))+0.5,1),"hh:mm"))),IF(Table2[[#This Row],[Column1]]=1,Table2[[#This Row],[Saturday]],Table2[[#This Row],[Sunday]])) -> OFF | I3: =_xlfn.TEXTJOIN(" - ",TRUE, IF(B3="OFF","Mon",""), IF(C3="OFF","Tue",""), IF(D3="OFF","Wed",""), IF(E3="OFF","Thu",""), IF(F3="OFF","Fri",""), IF(G3="OFF","Sat",""), IF(H3="OFF","Sun","")) -> Mon - Tue - Sun | J3: =MOD(Table2[[#This Row],[Break 1]]+TIME(12,0,0),1) -> 0.22916667 | K3: =MOD(Table2[[#This Row],[Break 2]]+TIME(12,0,0),1) -> 0.29166667 | L3: =MOD(Table2[[#This Row],[Lunch]]+TIME(12,0,0),1) -> 0.39583333 | M3: =MOD(Table2[[#This Row],[Break 3]]+TIME(12,0,0),1) -> 0.52083333 | N3: =Table2[[#This Row],[Supervisor]] -> Christopher Borromeo | O3: 03:00 - 14:00 | P3: =IF(TIMEVALUE(LEFT(O3,FIND("-",O3)-1))>=12/24,0,1) -> 1
A4: =Table2[[#This Row],[Name]] -> Brenda Lyn Degracia | B4: =IFERROR(_xlfn.LET(_xlpm.s,SUBSTITUTE(IF(Table2[[#This Row],[Column1]]=1,Table2[[#This Row],[Sunday]],Table2[[#This Row],[Monday]])," ",""),IF(_xlpm.s="OFF","OFF",TEXT(MOD(TIMEVALUE(_xlfn.TEXTBEFORE(_xlpm.s,"-"))+0.5,1),"hh:mm")&" - "&TEXT(MOD(TIMEVALUE(_xlfn.TEXTAFTER(_xlpm.s,"-"))+0.5,1),"hh:mm"))),IF(Table2[[#This Row],[Column1]]=1,Table2[[#This Row],[Sunday]],Table2[[#This Row],[Monday]])) -> 20:00 - 07:00 | C4: =IFERROR(_xlfn.LET(_xlpm.s,SUBSTITUTE(IF(Table2[[#This Row],[Column1]]=1,Table2[[#This Row],[Monday]],Table2[[#This Row],[Tuesday]])," ",""),IF(_xlpm.s="OFF","OFF",TEXT(MOD(TIMEVALUE(_xlfn.TEXTBEFORE(_xlpm.s,"-"))+0.5,1),"hh:mm")&" - "&TEXT(MOD(TIMEVALUE(_xlfn.TEXTAFTER(_xlpm.s,"-"))+0.5,1),"hh:mm"))),IF(Table2[[#This Row],[Column1]]=1,Table2[[#This Row],[Monday]],Table2[[#This Row],[Tuesday]])) -> 20:00 - 07:00 | D4: =IFERROR(_xlfn.LET(_xlpm.s,SUBSTITUTE(IF(Table2[[#This Row],[Column1]]=1,Table2[[#This Row],[Tuesday]],Table2[[#This Row],[Wednesday]])," ",""),IF(_xlpm.s="OFF","OFF",TEXT(MOD(TIMEVALUE(_xlfn.TEXTBEFORE(_xlpm.s,"-"))+0.5,1),"hh:mm")&" - "&TEXT(MOD(TIMEVALUE(_xlfn.TEXTAFTER(_xlpm.s,"-"))+0.5,1),"hh:mm"))),IF(Table2[[#This Row],[Column1]]=1,Table2[[#This Row],[Tuesday]],Table2[[#This Row],[Wednesday]])) -> 20:00 - 07:00 | E4: =IFERROR(_xlfn.LET(_xlpm.s,SUBSTITUTE(IF(Table2[[#This Row],[Column1]]=1,Table2[[#This Row],[Wednesday]],Table2[[#This Row],[Thursday]])," ",""),IF(_xlpm.s="OFF","OFF",TEXT(MOD(TIMEVALUE(_xlfn.TEXTBEFORE(_xlpm.s,"-"))+0.5,1),"hh:mm")&" - "&TEXT(MOD(TIMEVALUE(_xlfn.TEXTAFTER(_xlpm.s,"-"))+0.5,1),"hh:mm"))),IF(Table2[[#This Row],[Column1]]=1,Table2[[#This Row],[Wednesday]],Table2[[#This Row],[Thursday]])) -> 20:00 - 07:00 | F4: =IFERROR(_xlfn.LET(_xlpm.s,SUBSTITUTE(IF(Table2[[#This Row],[Column1]]=1,Table2[[#This Row],[Thursday]],Table2[[#This Row],[Friday]])," ",""),IF(_xlpm.s="OFF","OFF",TEXT(MOD(TIMEVALUE(_xlfn.TEXTBEFORE(_xlpm.s,"-"))+0.5,1),"hh:mm")&" - "&TEXT(MOD(TIMEVALUE(_xlfn.TEXTAFTER(_xlpm.s,"-"))+0.5,1),"hh:mm"))),IF(Table2[[#This Row],[Column1]]=1,Table2[[#This Row],[Thursday]],Table2[[#This Row],[Friday]])) -> OFF | G4: =IFERROR(_xlfn.LET(_xlpm.s,SUBSTITUTE(IF(Table2[[#This Row],[Column1]]=1,Table2[[#This Row],[Friday]],Table2[[#This Row],[Saturday]])," ",""),IF(_xlpm.s="OFF","OFF",TEXT(MOD(TIMEVALUE(_xlfn.TEXTBEFORE(_xlpm.s,"-"))+0.5,1),"hh:mm")&" - "&TEXT(MOD(TIMEVALUE(_xlfn.TEXTAFTER(_xlpm.s,"-"))+0.5,1),"hh:mm"))),IF(Table2[[#This Row],[Column1]]=1,Table2[[#This Row],[Friday]],Table2[[#This Row],[Saturday]])) -> OFF | H4: =IFERROR(_xlfn.LET(_xlpm.s,SUBSTITUTE(IF(Table2[[#This Row],[Column1]]=1,Table2[[#This Row],[Saturday]],Table2[[#This Row],[Sunday]])," ",""),IF(_xlpm.s="OFF","OFF",TEXT(MOD(TIMEVALUE(_xlfn.TEXTBEFORE(_xlpm.s,"-"))+0.5,1),"hh:mm")&" - "&TEXT(MOD(TIMEVALUE(_xlfn.TEXTAFTER(_xlpm.s,"-"))+0.5,1),"hh:mm"))),IF(Table2[[#This Row],[Column1]]=1,Table2[[#This Row],[Saturday]],Table2[[#This Row],[Sunday]])) -> OFF | I4: =_xlfn.TEXTJOIN(" - ",TRUE, IF(B4="OFF","Mon",""), IF(C4="OFF","Tue",""), IF(D4="OFF","Wed",""), IF(E4="OFF","Thu",""), IF(F4="OFF","Fri",""), IF(G4="OFF","Sat",""), IF(H4="OFF","Sun","")) -> Fri - Sat - Sun | J4: =MOD(Table2[[#This Row],[Break 1]]+TIME(12,0,0),1) -> 0.91666667 | K4: =MOD(Table2[[#This Row],[Break 2]]+TIME(12,0,0),1) -> 0 | L4: =MOD(Table2[[#This Row],[Lunch]]+TIME(12,0,0),1) -> 0.20833333 | M4: =MOD(Table2[[#This Row],[Break 3]]+TIME(12,0,0),1) -> 0.083333333 | N4: =Table2[[#This Row],[Supervisor]] -> Michael Dominguez | O4: 20:00 - 07:00 | P4: =IF(TIMEVALUE(LEFT(O4,FIND("-",O4)-1))>=12/24,0,1) -> 0
A5: =Table2[[#This Row],[Name]] -> Contessa Cirujales | B5: =IFERROR(_xlfn.LET(_xlpm.s,SUBSTITUTE(IF(Table2[[#This Row],[Column1]]=1,Table2[[#This Row],[Sunday]],Table2[[#This Row],[Monday]])," ",""),IF(_xlpm.s="OFF","OFF",TEXT(MOD(TIMEVALUE(_xlfn.TEXTBEFORE(_xlpm.s,"-"))+0.5,1),"hh:mm")&" - "&TEXT(MOD(TIMEVALUE(_xlfn.TEXTAFTER(_xlpm.s,"-"))+0.5,1),"hh:mm"))),IF(Table2[[#This Row],[Column1]]=1,Table2[[#This Row],[Sunday]],Table2[[#This Row],[Monday]])) -> 01:00 - 12:00 | C5: =IFERROR(_xlfn.LET(_xlpm.s,SUBSTITUTE(IF(Table2[[#This Row],[Column1]]=1,Table2[[#This Row],[Monday]],Table2[[#This Row],[Tuesday]])," ",""),IF(_xlpm.s="OFF","OFF",TEXT(MOD(TIMEVALUE(_xlfn.TEXTBEFORE(_xlpm.s,"-"))+0.5,1),"hh:mm")&" - "&TEXT(MOD(TIMEVALUE(_xlfn.TEXTAFTER(_xlpm.s,"-"))+0.5,1),"hh:mm"))),IF(Table2[[#This Row],[Column1]]=1,Table2[[#This Row],[Monday]],Table2[[#This Row],[Tuesday]])) -> 01:00 - 12:00 | D5: =IFERROR(_xlfn.LET(_xlpm.s,SUBSTITUTE(IF(Table2[[#This Row],[Column1]]=1,Table2[[#This Row],[Tuesday]],Table2[[#This Row],[Wednesday]])," ",""),IF(_xlpm.s="OFF","OFF",TEXT(MOD(TIMEVALUE(_xlfn.TEXTBEFORE(_xlpm.s,"-"))+0.5,1),"hh:mm")&" - "&TEXT(MOD(TIMEVALUE(_xlfn.TEXTAFTER(_xlpm.s,"-"))+0.5,1),"hh:mm"))),IF(Table2[[#This Row],[Column1]]=1,Table2[[#This Row],[Tuesday]],Table2[[#This Row],[Wednesday]])) -> 01:00 - 12:00 | E5: =IFERROR(_xlfn.LET(_xlpm.s,SUBSTITUTE(IF(Table2[[#This Row],[Column1]]=1,Table2[[#This Row],[Wednesday]],Table2[[#This Row],[Thursday]])," ",""),IF(_xlpm.s="OFF","OFF",TEXT(MOD(TIMEVALUE(_xlfn.TEXTBEFORE(_xlpm.s,"-"))+0.5,1),"hh:mm")&" - "&TEXT(MOD(TIMEVALUE(_xlfn.TEXTAFTER(_xlpm.s,"-"))+0.5,1),"hh:mm"))),IF(Table2[[#This Row],[Column1]]=1,Table2[[#This Row],[Wednesday]],Table2[[#This Row],[Thursday]])) -> OFF | F5: =IFERROR(_xlfn.LET(_xlpm.s,SUBSTITUTE(IF(Table2[[#This Row],[Column1]]=1,Table2[[#This Row],[Thursday]],Table2[[#This Row],[Friday]])," ",""),IF(_xlpm.s="OFF","OFF",TEXT(MOD(TIMEVALUE(_xlfn.TEXTBEFORE(_xlpm.s,"-"))+0.5,1),"hh:mm")&" - "&TEXT(MOD(TIMEVALUE(_xlfn.TEXTAFTER(_xlpm.s,"-"))+0.5,1),"hh:mm"))),IF(Table2[[#This Row],[Column1]]=1,Table2[[#This Row],[Thursday]],Table2[[#This Row],[Friday]])) -> OFF | G5: =IFERROR(_xlfn.LET(_xlpm.s,SUBSTITUTE(IF(Table2[[#This Row],[Column1]]=1,Table2[[#This Row],[Friday]],Table2[[#This Row],[Saturday]])," ",""),IF(_xlpm.s="OFF","OFF",TEXT(MOD(TIMEVALUE(_xlfn.TEXTBEFORE(_xlpm.s,"-"))+0.5,1),"hh:mm")&" - "&TEXT(MOD(TIMEVALUE(_xlfn.TEXTAFTER(_xlpm.s,"-"))+0.5,1),"hh:mm"))),IF(Table2[[#This Row],[Column1]]=1,Table2[[#This Row],[Friday]],Table2[[#This Row],[Saturday]])) -> OFF | H5: =IFERROR(_xlfn.LET(_xlpm.s,SUBSTITUTE(IF(Table2[[#This Row],[Column1]]=1,Table2[[#This Row],[Saturday]],Table2[[#This Row],[Sunday]])," ",""),IF(_xlpm.s="OFF","OFF",TEXT(MOD(TIMEVALUE(_xlfn.TEXTBEFORE(_xlpm.s,"-"))+0.5,1),"hh:mm")&" - "&TEXT(MOD(TIMEVALUE(_xlfn.TEXTAFTER(_xlpm.s,"-"))+0.5,1),"hh:mm"))),IF(Table2[[#This Row],[Column1]]=1,Table2[[#This Row],[Saturday]],Table2[[#This Row],[Sunday]])) -> 01:00 - 12:00 | I5: =_xlfn.TEXTJOIN(" - ",TRUE, IF(B5="OFF","Mon",""), IF(C5="OFF","Tue",""), IF(D5="OFF","Wed",""), IF(E5="OFF","Thu",""), IF(F5="OFF","Fri",""), IF(G5="OFF","Sat",""), IF(H5="OFF","Sun","")) -> Thu - Fri - Sat | J5: =MOD(Table2[[#This Row],[Break 1]]+TIME(12,0,0),1) -> 0.11458333 | K5: =MOD(Table2[[#This Row],[Break 2]]+TIME(12,0,0),1) -> 0.19791667 | L5: =MOD(Table2[[#This Row],[Lunch]]+TIME(12,0,0),1) -> 0.27083333 | M5: =MOD(Table2[[#This Row],[Break 3]]+TIME(12,0,0),1) -> 0.39583333 | N5: =Table2[[#This Row],[Supervisor]] -> Christopher Borromeo | O5: 01:00 - 12:00 | P5: =IF(TIMEVALUE(LEFT(O5,FIND("-",O5)-1))>=12/24,0,1) -> 1
A6: =Table2[[#This Row],[Name]] -> Janice Martirez | B6: =IFERROR(_xlfn.LET(_xlpm.s,SUBSTITUTE(IF(Table2[[#This Row],[Column1]]=1,Table2[[#This Row],[Sunday]],Table2[[#This Row],[Monday]])," ",""),IF(_xlpm.s="OFF","OFF",TEXT(MOD(TIMEVALUE(_xlfn.TEXTBEFORE(_xlpm.s,"-"))+0.5,1),"hh:mm")&" - "&TEXT(MOD(TIMEVALUE(_xlfn.TEXTAFTER(_xlpm.s,"-"))+0.5,1),"hh:mm"))),IF(Table2[[#This Row],[Column1]]=1,Table2[[#This Row],[Sunday]],Table2[[#This Row],[Monday]])) -> OFF | C6: =IFERROR(_xlfn.LET(_xlpm.s,SUBSTITUTE(IF(Table2[[#This Row],[Column1]]=1,Table2[[#This Row],[Monday]],Table2[[#This Row],[Tuesday]])," ",""),IF(_xlpm.s="OFF","OFF",TEXT(MOD(TIMEVALUE(_xlfn.TEXTBEFORE(_xlpm.s,"-"))+0.5,1),"hh:mm")&" - "&TEXT(MOD(TIMEVALUE(_xlfn.TEXTAFTER(_xlpm.s,"-"))+0.5,1),"hh:mm"))),IF(Table2[[#This Row],[Column1]]=1,Table2[[#This Row],[Monday]],Table2[[#This Row],[Tuesday]])) -> OFF | D6: =IFERROR(_xlfn.LET(_xlpm.s,SUBSTITUTE(IF(Table2[[#This Row],[Column1]]=1,Table2[[#This Row],[Tuesday]],Table2[[#This Row],[Wednesday]])," ",""),IF(_xlpm.s="OFF","OFF",TEXT(MOD(TIMEVALUE(_xlfn.TEXTBEFORE(_xlpm.s,"-"))+0.5,1),"hh:mm")&" - "&TEXT(MOD(TIMEVALUE(_xlfn.TEXTAFTER(_xlpm.s,"-"))+0.5,1),"hh:mm"))),IF(Table2[[#This Row],[Column1]]=1,Table2[[#This Row],[Tuesday]],Table2[[#This Row],[Wednesday]])) -> 16:00 - 03:00 | E6: =IFERROR(_xlfn.LET(_xlpm.s,SUBSTITUTE(IF(Table2[[#This Row],[Column1]]=1,Table2[[#This Row],[Wednesday]],Table2[[#This Row],[Thursday]])," ",""),IF(_xlpm.s="OFF","OFF",TEXT(MOD(TIMEVALUE(_xlfn.TEXTBEFORE(_xlpm.s,"-"))+0.5,1),"hh:mm")&" - "&TEXT(MOD(TIMEVALUE(_xlfn.TEXTAFTER(_xlpm.s,"-"))+0.5,1),"hh:mm"))),IF(Table2[[#This Row],[Column1]]=1,Table2[[#This Row],[Wednesday]],Table2[[#This Row],[Thursday]])) -> 16:00 - 03:00 | F6: =IFERROR(_xlfn.LET(_xlpm.s,SUBSTITUTE(IF(Table2[[#This Row],[Column1]]=1,Table2[[#This Row],[Thursday]],Table2[[#This Row],[Friday]])," ",""),IF(_xlpm.s="OFF","OFF",TEXT(MOD(TIMEVALUE(_xlfn.TEXTBEFORE(_xlpm.s,"-"))+0.5,1),"hh:mm")&" - "&TEXT(MOD(TIMEVALUE(_xlfn.TEXTAFTER(_xlpm.s,"-"))+0.5,1),"hh:mm"))),IF(Table2[[#This Row],[Column1]]=1,Table2[[#This Row],[Thursday]],Table2[[#This Row],[Friday]])) -> 16:00 - 03:00 | G6: =IFERROR(_xlfn.LET(_xlpm.s,SUBSTITUTE(IF(Table2[[#This Row],[Column1]]=1,Table2[[#This Row],[Friday]],Table2[[#This Row],[Saturday]])," ",""),IF(_xlpm.s="OFF","OFF",TEXT(MOD(TIMEVALUE(_xlfn.TEXTBEFORE(_xlpm.s,"-"))+0.5,1),"hh:mm")&" - "&TEXT(MOD(TIMEVALUE(_xlfn.TEXTAFTER(_xlpm.s,"-"))+0.5,1),"hh:mm"))),IF(Table2[[#This Row],[Column1]]=1,Table2[[#This Row],[Friday]],Table2[[#This Row],[Saturday]])) -> 16:00 - 03:00 | H6: =IFERROR(_xlfn.LET(_xlpm.s,SUBSTITUTE(IF(Table2[[#This Row],[Column1]]=1,Table2[[#This Row],[Saturday]],Table2[[#This Row],[Sunday]])," ",""),IF(_xlpm.s="OFF","OFF",TEXT(MOD(TIMEVALUE(_xlfn.TEXTBEFORE(_xlpm.s,"-"))+0.5,1),"hh:mm")&" - "&TEXT(MOD(TIMEVALUE(_xlfn.TEXTAFTER(_xlpm.s,"-"))+0.5,1),"hh:mm"))),IF(Table2[[#This Row],[Column1]]=1,Table2[[#This Row],[Saturday]],Table2[[#This Row],[Sunday]])) -> OFF | I6: =_xlfn.TEXTJOIN(" - ",TRUE, IF(B6="OFF","Mon",""), IF(C6="OFF","Tue",""), IF(D6="OFF","Wed",""), IF(E6="OFF","Thu",""), IF(F6="OFF","Fri",""), IF(G6="OFF","Sat",""), IF(H6="OFF","Sun","")) -> Mon - Tue - Sun | J6: =MOD(Table2[[#This Row],[Break 1]]+TIME(12,0,0),1) -> 0.88541667 | K6: =MOD(Table2[[#This Row],[Break 2]]+TIME(12,0,0),1) -> 0.98958333 | L6: =MOD(Table2[[#This Row],[Lunch]]+TIME(12,0,0),1) -> 0.75 | M6: =MOD(Table2[[#This Row],[Break 3]]+TIME(12,0,0),1) -> 0.072916667 | N6: =Table2[[#This Row],[Supervisor]] -> Christopher Borromeo | O6: 16:00 - 03:00 | P6: =IF(TIMEVALUE(LEFT(O6,FIND("-",O6)-1))>=12/24,0,1) -> 0
A7: =Table2[[#This Row],[Name]] -> Jarrah Jane De Castro | B7: =IFERROR(_xlfn.LET(_xlpm.s,SUBSTITUTE(IF(Table2[[#This Row],[Column1]]=1,Table2[[#This Row],[Sunday]],Table2[[#This Row],[Monday]])," ",""),IF(_xlpm.s="OFF","OFF",TEXT(MOD(TIMEVALUE(_xlfn.TEXTBEFORE(_xlpm.s,"-"))+0.5,1),"hh:mm")&" - "&TEXT(MOD(TIMEVALUE(_xlfn.TEXTAFTER(_xlpm.s,"-"))+0.5,1),"hh:mm"))),IF(Table2[[#This Row],[Column1]]=1,Table2[[#This Row],[Sunday]],Table2[[#This Row],[Monday]])) -> OFF | C7: =IFERROR(_xlfn.LET(_xlpm.s,SUBSTITUTE(IF(Table2[[#This Row],[Column1]]=1,Table2[[#This Row],[Monday]],Table2[[#This Row],[Tuesday]])," ",""),IF(_xlpm.s="OFF","OFF",TEXT(MOD(TIMEVALUE(_xlfn.TEXTBEFORE(_xlpm.s,"-"))+0.5,1),"hh:mm")&" - "&TEXT(MOD(TIMEVALUE(_xlfn.TEXTAFTER(_xlpm.s,"-"))+0.5,1),"hh:mm"))),IF(Table2[[#This Row],[Column1]]=1,Table2[[#This Row],[Monday]],Table2[[#This Row],[Tuesday]])) -> 05:00 - 16:00 | D7: =IFERROR(_xlfn.LET(_xlpm.s,SUBSTITUTE(IF(Table2[[#This Row],[Column1]]=1,Table2[[#This Row],[Tuesday]],Table2[[#This Row],[Wednesday]])," ",""),IF(_xlpm.s="OFF","OFF",TEXT(MOD(TIMEVALUE(_xlfn.TEXTBEFORE(_xlpm.s,"-"))+0.5,1),"hh:mm")&" - "&TEXT(MOD(TIMEVALUE(_xlfn.TEXTAFTER(_xlpm.s,"-"))+0.5,1),"hh:mm"))),IF(Table2[[#This Row],[Column1]]=1,Table2[[#This Row],[Tuesday]],Table2[[#This Row],[Wednesday]])) -> 05:00 - 16:00 | E7: =IFERROR(_xlfn.LET(_xlpm.s,SUBSTITUTE(IF(Table2[[#This Row],[Column1]]=1,Table2[[#This Row],[Wednesday]],Table2[[#This Row],[Thursday]])," ",""),IF(_xlpm.s="OFF","OFF",TEXT(MOD(TIMEVALUE(_xlfn.TEXTBEFORE(_xlpm.s,"-"))+0.5,1),"hh:mm")&" - "&TEXT(MOD(TIMEVALUE(_xlfn.TEXTAFTER(_xlpm.s,"-"))+0.5,1),"hh:mm"))),IF(Table2[[#This Row],[Column1]]=1,Table2[[#This Row],[Wednesday]],Table2[[#This Row],[Thursday]])) -> 05:00 - 16:00 | F7: =IFERROR(_xlfn.LET(_xlpm.s,SUBSTITUTE(IF(Table2[[#This Row],[Column1]]=1,Table2[[#This Row],[Thursday]],Table2[[#This Row],[Friday]])," ",""),IF(_xlpm.s="OFF","OFF",TEXT(MOD(TIMEVALUE(_xlfn.TEXTBEFORE(_xlpm.s,"-"))+0.5,1),"hh:mm")&" - "&TEXT(MOD(TIMEVALUE(_xlfn.TEXTAFTER(_xlpm.s,"-"))+0.5,1),"hh:mm"))),IF(Table2[[#This Row],[Column1]]=1,Table2[[#This Row],[Thursday]],Table2[[#This Row],[Friday]])) -> 05:00 - 16:00 | G7: =IFERROR(_xlfn.LET(_xlpm.s,SUBSTITUTE(IF(Table2[[#This Row],[Column1]]=1,Table2[[#This Row],[Friday]],Table2[[#This Row],[Saturday]])," ",""),IF(_xlpm.s="OFF","OFF",TEXT(MOD(TIMEVALUE(_xlfn.TEXTBEFORE(_xlpm.s,"-"))+0.5,1),"hh:mm")&" - "&TEXT(MOD(TIMEVALUE(_xlfn.TEXTAFTER(_xlpm.s,"-"))+0.5,1),"hh:mm"))),IF(Table2[[#This Row],[Column1]]=1,Table2[[#This Row],[Friday]],Table2[[#This Row],[Saturday]])) -> OFF | H7: =IFERROR(_xlfn.LET(_xlpm.s,SUBSTITUTE(IF(Table2[[#This Row],[Column1]]=1,Table2[[#This Row],[Saturday]],Table2[[#This Row],[Sunday]])," ",""),IF(_xlpm.s="OFF","OFF",TEXT(MOD(TIMEVALUE(_xlfn.TEXTBEFORE(_xlpm.s,"-"))+0.5,1),"hh:mm")&" - "&TEXT(MOD(TIMEVALUE(_xlfn.TEXTAFTER(_xlpm.s,"-"))+0.5,1),"hh:mm"))),IF(Table2[[#This Row],[Column1]]=1,Table2[[#This Row],[Saturday]],Table2[[#This Row],[Sunday]])) -> OFF | I7: =_xlfn.TEXTJOIN(" - ",TRUE, IF(B7="OFF","Mon",""), IF(C7="OFF","Tue",""), IF(D7="OFF","Wed",""), IF(E7="OFF","Thu",""), IF(F7="OFF","Fri",""), IF(G7="OFF","Sat",""), IF(H7="OFF","Sun","")) -> Mon - Sat - Sun | J7: =MOD(Table2[[#This Row],[Break 1]]+TIME(12,0,0),1) -> 0.29166667 | K7: =MOD(Table2[[#This Row],[Break 2]]+TIME(12,0,0),1) -> 0.03125 | L7: =MOD(Table2[[#This Row],[Lunch]]+TIME(12,0,0),1) -> 0.42708333 | M7: =MOD(Table2[[#This Row],[Break 3]]+TIME(12,0,0),1) -> 0.61458333 | N7: =Table2[[#This Row],[Supervisor]] -> Christopher Borromeo | O7: 05:00 - 16:00 | P7: =IF(TIMEVALUE(LEFT(O7,FIND("-",O7)-1))>=12/24,0,1) -> 1
A8: =Table2[[#This Row],[Name]] -> Jessica Mary Acuna | B8: =IFERROR(_xlfn.LET(_xlpm.s,SUBSTITUTE(IF(Table2[[#This Row],[Column1]]=1,Table2[[#This Row],[Sunday]],Table2[[#This Row],[Monday]])," ",""),IF(_xlpm.s="OFF","OFF",TEXT(MOD(TIMEVALUE(_xlfn.TEXTBEFORE(_xlpm.s,"-"))+0.5,1),"hh:mm")&" - "&TEXT(MOD(TIMEVALUE(_xlfn.TEXTAFTER(_xlpm.s,"-"))+0.5,1),"hh:mm"))),IF(Table2[[#This Row],[Column1]]=1,Table2[[#This Row],[Sunday]],Table2[[#This Row],[Monday]])) -> 05:00 - 16:00 | C8: =IFERROR(_xlfn.LET(_xlpm.s,SUBSTITUTE(IF(Table2[[#This Row],[Column1]]=1,Table2[[#This Row],[Monday]],Table2[[#This Row],[Tuesday]])," ",""),IF(_xlpm.s="OFF","OFF",TEXT(MOD(TIMEVALUE(_xlfn.TEXTBEFORE(_xlpm.s,"-"))+0.5,1),"hh:mm")&" - "&TEXT(MOD(TIMEVALUE(_xlfn.TEXTAFTER(_xlpm.s,"-"))+0.5,1),"hh:mm"))),IF(Table2[[#This Row],[Column1]]=1,Table2[[#This Row],[Monday]],Table2[[#This Row],[Tuesday]])) -> 05:00 - 16:00 | D8: =IFERROR(_xlfn.LET(_xlpm.s,SUBSTITUTE(IF(Table2[[#This Row],[Column1]]=1,Table2[[#This Row],[Tuesday]],Table2[[#This Row],[Wednesday]])," ",""),IF(_xlpm.s="OFF","OFF",TEXT(MOD(TIMEVALUE(_xlfn.TEXTBEFORE(_xlpm.s,"-"))+0.5,1),"hh:mm")&" - "&TEXT(MOD(TIMEVALUE(_xlfn.TEXTAFTER(_xlpm.s,"-"))+0.5,1),"hh:mm"))),IF(Table2[[#This Row],[Column1]]=1,Table2[[#This Row],[Tuesday]],Table2[[#This Row],[Wednesday]])) -> 05:00 - 16:00 | E8: =IFERROR(_xlfn.LET(_xlpm.s,SUBSTITUTE(IF(Table2[[#This Row],[Column1]]=1,Table2[[#This Row],[Wednesday]],Table2[[#This Row],[Thursday]])," ",""),IF(_xlpm.s="OFF","OFF",TEXT(MOD(TIMEVALUE(_xlfn.TEXTBEFORE(_xlpm.s,"-"))+0.5,1),"hh:mm")&" - "&TEXT(MOD(TIMEVALUE(_xlfn.TEXTAFTER(_xlpm.s,"-"))+0.5,1),"hh:mm"))),IF(Table2[[#This Row],[Column1]]=1,Table2[[#This Row],[Wednesday]],Table2[[#This Row],[Thursday]])) -> 05:00 - 16:00 | F8: =IFERROR(_xlfn.LET(_xlpm.s,SUBSTITUTE(IF(Table2[[#This Row],[Column1]]=1,Table2[[#This Row],[Thursday]],Table2[[#This Row],[Friday]])," ",""),IF(_xlpm.s="OFF","OFF",TEXT(MOD(TIMEVALUE(_xlfn.TEXTBEFORE(_xlpm.s,"-"))+0.5,1),"hh:mm")&" - "&TEXT(MOD(TIMEVALUE(_xlfn.TEXTAFTER(_xlpm.s,"-"))+0.5,1),"hh:mm"))),IF(Table2[[#This Row],[Column1]]=1,Table2[[#This Row],[Thursday]],Table2[[#This Row],[Friday]])) -> OFF | G8: =IFERROR(_xlfn.LET(_xlpm.s,SUBSTITUTE(IF(Table2[[#This Row],[Column1]]=1,Table2[[#This Row],[Friday]],Table2[[#This Row],[Saturday]])," ",""),IF(_xlpm.s="OFF","OFF",TEXT(MOD(TIMEVALUE(_xlfn.TEXTBEFORE(_xlpm.s,"-"))+0.5,1),"hh:mm")&" - "&TEXT(MOD(TIMEVALUE(_xlfn.TEXTAFTER(_xlpm.s,"-"))+0.5,1),"hh:mm"))),IF(Table2[[#This Row],[Column1]]=1,Table2[[#This Row],[Friday]],Table2[[#This Row],[Saturday]])) -> OFF | H8: =IFERROR(_xlfn.LET(_xlpm.s,SUBSTITUTE(IF(Table2[[#This Row],[Column1]]=1,Table2[[#This Row],[Saturday]],Table2[[#This Row],[Sunday]])," ",""),IF(_xlpm.s="OFF","OFF",TEXT(MOD(TIMEVALUE(_xlfn.TEXTBEFORE(_xlpm.s,"-"))+0.5,1),"hh:mm")&" - "&TEXT(MOD(TIMEVALUE(_xlfn.TEXTAFTER(_xlpm.s,"-"))+0.5,1),"hh:mm"))),IF(Table2[[#This Row],[Column1]]=1,Table2[[#This Row],[Saturday]],Table2[[#This Row],[Sunday]])) -> OFF | I8: =_xlfn.TEXTJOIN(" - ",TRUE, IF(B8="OFF","Mon",""), IF(C8="OFF","Tue",""), IF(D8="OFF","Wed",""), IF(E8="OFF","Thu",""), IF(F8="OFF","Fri",""), IF(G8="OFF","Sat",""), IF(H8="OFF","Sun","")) -> Fri - Sat - Sun | J8: =MOD(Table2[[#This Row],[Break 1]]+TIME(12,0,0),1) -> 0.3125 | K8: =MOD(Table2[[#This Row],[Break 2]]+TIME(12,0,0),1) -> 0.90625 | L8: =MOD(Table2[[#This Row],[Lunch]]+TIME(12,0,0),1) -> 0.54166667 | M8: =MOD(Table2[[#This Row],[Break 3]]+TIME(12,0,0),1) -> 0.63541667 | N8: =Table2[[#This Row],[Supervisor]] -> Christopher Borromeo | O8: 05:00 - 16:00 | P8: =IF(TIMEVALUE(LEFT(O8,FIND("-",O8)-1))>=12/24,0,1) -> 1
A9: =Table2[[#This Row],[Name]] -> Jewel Lei Sara | B9: =IFERROR(_xlfn.LET(_xlpm.s,SUBSTITUTE(IF(Table2[[#This Row],[Column1]]=1,Table2[[#This Row],[Sunday]],Table2[[#This Row],[Monday]])," ",""),IF(_xlpm.s="OFF","OFF",TEXT(MOD(TIMEVALUE(_xlfn.TEXTBEFORE(_xlpm.s,"-"))+0.5,1),"hh:mm")&" - "&TEXT(MOD(TIMEVALUE(_xlfn.TEXTAFTER(_xlpm.s,"-"))+0.5,1),"hh:mm"))),IF(Table2[[#This Row],[Column1]]=1,Table2[[#This Row],[Sunday]],Table2[[#This Row],[Monday]])) -> OFF | C9: =IFERROR(_xlfn.LET(_xlpm.s,SUBSTITUTE(IF(Table2[[#This Row],[Column1]]=1,Table2[[#This Row],[Monday]],Table2[[#This Row],[Tuesday]])," ",""),IF(_xlpm.s="OFF","OFF",TEXT(MOD(TIMEVALUE(_xlfn.TEXTBEFORE(_xlpm.s,"-"))+0.5,1),"hh:mm")&" - "&TEXT(MOD(TIMEVALUE(_xlfn.TEXTAFTER(_xlpm.s,"-"))+0.5,1),"hh:mm"))),IF(Table2[[#This Row],[Column1]]=1,Table2[[#This Row],[Monday]],Table2[[#This Row],[Tuesday]])) -> OFF | D9: =IFERROR(_xlfn.LET(_xlpm.s,SUBSTITUTE(IF(Table2[[#This Row],[Column1]]=1,Table2[[#This Row],[Tuesday]],Table2[[#This Row],[Wednesday]])," ",""),IF(_xlpm.s="OFF","OFF",TEXT(MOD(TIMEVALUE(_xlfn.TEXTBEFORE(_xlpm.s,"-"))+0.5,1),"hh:mm")&" - "&TEXT(MOD(TIMEVALUE(_xlfn.TEXTAFTER(_xlpm.s,"-"))+0.5,1),"hh:mm"))),IF(Table2[[#This Row],[Column1]]=1,Table2[[#This Row],[Tuesday]],Table2[[#This Row],[Wednesday]])) -> OFF | E9: =IFERROR(_xlfn.LET(_xlpm.s,SUBSTITUTE(IF(Table2[[#This Row],[Column1]]=1,Table2[[#This Row],[Wednesday]],Table2[[#This Row],[Thursday]])," ",""),IF(_xlpm.s="OFF","OFF",TEXT(MOD(TIMEVALUE(_xlfn.TEXTBEFORE(_xlpm.s,"-"))+0.5,1),"hh:mm")&" - "&TEXT(MOD(TIMEVALUE(_xlfn.TEXTAFTER(_xlpm.s,"-"))+0.5,1),"hh:mm"))),IF(Table2[[#This Row],[Column1]]=1,Table2[[#This Row],[Wednesday]],Table2[[#This Row],[Thursday]])) -> 00:00 - 11:00 | F9: =IFERROR(_xlfn.LET(_xlpm.s,SUBSTITUTE(IF(Table2[[#This Row],[Column1]]=1,Table2[[#This Row],[Thursday]],Table2[[#This Row],[Friday]])," ",""),IF(_xlpm.s="OFF","OFF",TEXT(MOD(TIMEVALUE(_xlfn.TEXTBEFORE(_xlpm.s,"-"))+0.5,1),"hh:mm")&" - "&TEXT(MOD(TIMEVALUE(_xlfn.TEXTAFTER(_xlpm.s,"-"))+0.5,1),"hh:mm"))),IF(Table2[[#This Row],[Column1]]=1,Table2[[#This Row],[Thursday]],Table2[[#This Row],[Friday]])) -> 00:00 - 11:00 | G9: =IFERROR(_xlfn.LET(_xlpm.s,SUBSTITUTE(IF(Table2[[#This Row],[Column1]]=1,Table2[[#This Row],[Friday]],Table2[[#This Row],[Saturday]])," ",""),IF(_xlpm.s="OFF","OFF",TEXT(MOD(TIMEVALUE(_xlfn.TEXTBEFORE(_xlpm.s,"-"))+0.5,1),"hh:mm")&" - "&TEXT(MOD(TIMEVALUE(_xlfn.TEXTAFTER(_xlpm.s,"-"))+0.5,1),"hh:mm"))),IF(Table2[[#This Row],[Column1]]=1,Table2[[#This Row],[Friday]],Table2[[#This Row],[Saturday]])) -> 00:00 - 11:00 | H9: =IFERROR(_xlfn.LET(_xlpm.s,SUBSTITUTE(IF(Table2[[#This Row],[Column1]]=1,Table2[[#This Row],[Saturday]],Table2[[#This Row],[Sunday]])," ",""),IF(_xlpm.s="OFF","OFF",TEXT(MOD(TIMEVALUE(_xlfn.TEXTBEFORE(_xlpm.s,"-"))+0.5,1),"hh:mm")&" - "&TEXT(MOD(TIMEVALUE(_xlfn.TEXTAFTER(_xlpm.s,"-"))+0.5,1),"hh:mm"))),IF(Table2[[#This Row],[Column1]]=1,Table2[[#This Row],[Saturday]],Table2[[#This Row],[Sunday]])) -> 00:00 - 11:00 | I9: =_xlfn.TEXTJOIN(" - ",TRUE, IF(B9="OFF","Mon",""), IF(C9="OFF","Tue",""), IF(D9="OFF","Wed",""), IF(E9="OFF","Thu",""), IF(F9="OFF","Fri",""), IF(G9="OFF","Sat",""), IF(H9="OFF","Sun","")) -> Mon - Tue - Wed | J9: =MOD(Table2[[#This Row],[Break 1]]+TIME(12,0,0),1) -> 0.09375 | K9: =MOD(Table2[[#This Row],[Break 2]]+TIME(12,0,0),1) -> 0.1875 | L9: =MOD(Table2[[#This Row],[Lunch]]+TIME(12,0,0),1) -> 0.28125 | M9: =MOD(Table2[[#This Row],[Break 3]]+TIME(12,0,0),1) -> 0.39583333 | N9: =Table2[[#This Row],[Supervisor]] -> Christopher Rodas | O9: 00:00 - 11:00 | P9: =IF(TIMEVALUE(LEFT(O9,FIND("-",O9)-1))>=12/24,0,1) -> 1
A10: =Table2[[#This Row],[Name]] -> Jhon Lloyd Camero | B10: =IFERROR(_xlfn.LET(_xlpm.s,SUBSTITUTE(IF(Table2[[#This Row],[Column1]]=1,Table2[[#This Row],[Sunday]],Table2[[#This Row],[Monday]])," ",""),IF(_xlpm.s="OFF","OFF",TEXT(MOD(TIMEVALUE(_xlfn.TEXTBEFORE(_xlpm.s,"-"))+0.5,1),"hh:mm")&" - "&TEXT(MOD(TIMEVALUE(_xlfn.TEXTAFTER(_xlpm.s,"-"))+0.5,1),"hh:mm"))),IF(Table2[[#This Row],[Column1]]=1,Table2[[#This Row],[Sunday]],Table2[[#This Row],[Monday]])) -> 16:00 - 03:00 | C10: =IFERROR(_xlfn.LET(_xlpm.s,SUBSTITUTE(IF(Table2[[#This Row],[Column1]]=1,Table2[[#This Row],[Monday]],Table2[[#This Row],[Tuesday]])," ",""),IF(_xlpm.s="OFF","OFF",TEXT(MOD(TIMEVALUE(_xlfn.TEXTBEFORE(_xlpm.s,"-"))+0.5,1),"hh:mm")&" - "&TEXT(MOD(TIMEVALUE(_xlfn.TEXTAFTER(_xlpm.s,"-"))+0.5,1),"hh:mm"))),IF(Table2[[#This Row],[Column1]]=1,Table2[[#This Row],[Monday]],Table2[[#This Row],[Tuesday]])) -> 16:00 - 03:00 | D10: =IFERROR(_xlfn.LET(_xlpm.s,SUBSTITUTE(IF(Table2[[#This Row],[Column1]]=1,Table2[[#This Row],[Tuesday]],Table2[[#This Row],[Wednesday]])," ",""),IF(_xlpm.s="OFF","OFF",TEXT(MOD(TIMEVALUE(_xlfn.TEXTBEFORE(_xlpm.s,"-"))+0.5,1),"hh:mm")&" - "&TEXT(MOD(TIMEVALUE(_xlfn.TEXTAFTER(_xlpm.s,"-"))+0.5,1),"hh:mm"))),IF(Table2[[#This Row],[Column1]]=1,Table2[[#This Row],[Tuesday]],Table2[[#This Row],[Wednesday]])) -> 16:00 - 03:00 | E10: =IFERROR(_xlfn.LET(_xlpm.s,SUBSTITUTE(IF(Table2[[#This Row],[Column1]]=1,Table2[[#This Row],[Wednesday]],Table2[[#This Row],[Thursday]])," ",""),IF(_xlpm.s="OFF","OFF",TEXT(MOD(TIMEVALUE(_xlfn.TEXTBEFORE(_xlpm.s,"-"))+0.5,1),"hh:mm")&" - "&TEXT(MOD(TIMEVALUE(_xlfn.TEXTAFTER(_xlpm.s,"-"))+0.5,1),"hh:mm"))),IF(Table2[[#This Row],[Column1]]=1,Table2[[#This Row],[Wednesday]],Table2[[#This Row],[Thursday]])) -> OFF | F10: =IFERROR(_xlfn.LET(_xlpm.s,SUBSTITUTE(IF(Table2[[#This Row],[Column1]]=1,Table2[[#This Row],[Thursday]],Table2[[#This Row],[Friday]])," ",""),IF(_xlpm.s="OFF","OFF",TEXT(MOD(TIMEVALUE(_xlfn.TEXTBEFORE(_xlpm.s,"-"))+0.5,1),"hh:mm")&" - "&TEXT(MOD(TIMEVALUE(_xlfn.TEXTAFTER(_xlpm.s,"-"))+0.5,1),"hh:mm"))),IF(Table2[[#This Row],[Column1]]=1,Table2[[#This Row],[Thursday]],Table2[[#This Row],[Friday]])) -> OFF | G10: =IFERROR(_xlfn.LET(_xlpm.s,SUBSTITUTE(IF(Table2[[#This Row],[Column1]]=1,Table2[[#This Row],[Friday]],Table2[[#This Row],[Saturday]])," ",""),IF(_xlpm.s="OFF","OFF",TEXT(MOD(TIMEVALUE(_xlfn.TEXTBEFORE(_xlpm.s,"-"))+0.5,1),"hh:mm")&" - "&TEXT(MOD(TIMEVALUE(_xlfn.TEXTAFTER(_xlpm.s,"-"))+0.5,1),"hh:mm"))),IF(Table2[[#This Row],[Column1]]=1,Table2[[#This Row],[Friday]],Table2[[#This Row],[Saturday]])) -> OFF | H10: =IFERROR(_xlfn.LET(_xlpm.s,SUBSTITUTE(IF(Table2[[#This Row],[Column1]]=1,Table2[[#This Row],[Saturday]],Table2[[#This Row],[Sunday]])," ",""),IF(_xlpm.s="OFF","OFF",TEXT(MOD(TIMEVALUE(_xlfn.TEXTBEFORE(_xlpm.s,"-"))+0.5,1),"hh:mm")&" - "&TEXT(MOD(TIMEVALUE(_xlfn.TEXTAFTER(_xlpm.s,"-"))+0.5,1),"hh:mm"))),IF(Table2[[#This Row],[Column1]]=1,Table2[[#This Row],[Saturday]],Table2[[#This Row],[Sunday]])) -> 16:00 - 03:00 | I10: =_xlfn.TEXTJOIN(" - ",TRUE, IF(B10="OFF","Mon",""), IF(C10="OFF","Tue",""), IF(D10="OFF","Wed",""), IF(E10="OFF","Thu",""), IF(F10="OFF","Fri",""), IF(G10="OFF","Sat",""), IF(H10="OFF","Sun","")) -> Thu - Fri - Sat | J10: =MOD(Table2[[#This Row],[Break 1]]+TIME(12,0,0),1) -> 0.72916667 | K10: =MOD(Table2[[#This Row],[Break 2]]+TIME(12,0,0),1) -> 0.9375 | L10: =MOD(Table2[[#This Row],[Lunch]]+TIME(12,0,0),1) -> 0.79166667 | M10: =MOD(Table2[[#This Row],[Break 3]]+TIME(12,0,0),1) -> 0.03125 | N10: =Table2[[#This Row],[Supervisor]] -> Michael Dominguez | O10: 16:00 - 03:00 | P10: =IF(TIMEVALUE(LEFT(O10,FIND("-",O10)-1))>=12/24,0,1) -> 0
A11: =Table2[[#This Row],[Name]] -> Jose Saldy Rubio | B11: =IFERROR(_xlfn.LET(_xlpm.s,SUBSTITUTE(IF(Table2[[#This Row],[Column1]]=1,Table2[[#This Row],[Sunday]],Table2[[#This Row],[Monday]])," ",""),IF(_xlpm.s="OFF","OFF",TEXT(MOD(TIMEVALUE(_xlfn.TEXTBEFORE(_xlpm.s,"-"))+0.5,1),"hh:mm")&" - "&TEXT(MOD(TIMEVALUE(_xlfn.TEXTAFTER(_xlpm.s,"-"))+0.5,1),"hh:mm"))),IF(Table2[[#This Row],[Column1]]=1,Table2[[#This Row],[Sunday]],Table2[[#This Row],[Monday]])) -> 05:00 - 16:00 | C11: =IFERROR(_xlfn.LET(_xlpm.s,SUBSTITUTE(IF(Table2[[#This Row],[Column1]]=1,Table2[[#This Row],[Monday]],Table2[[#This Row],[Tuesday]])," ",""),IF(_xlpm.s="OFF","OFF",TEXT(MOD(TIMEVALUE(_xlfn.TEXTBEFORE(_xlpm.s,"-"))+0.5,1),"hh:mm")&" - "&TEXT(MOD(TIMEVALUE(_xlfn.TEXTAFTER(_xlpm.s,"-"))+0.5,1),"hh:mm"))),IF(Table2[[#This Row],[Column1]]=1,Table2[[#This Row],[Monday]],Table2[[#This Row],[Tuesday]])) -> OFF | D11: =IFERROR(_xlfn.LET(_xlpm.s,SUBSTITUTE(IF(Table2[[#This Row],[Column1]]=1,Table2[[#This Row],[Tuesday]],Table2[[#This Row],[Wednesday]])," ",""),IF(_xlpm.s="OFF","OFF",TEXT(MOD(TIMEVALUE(_xlfn.TEXTBEFORE(_xlpm.s,"-"))+0.5,1),"hh:mm")&" - "&TEXT(MOD(TIMEVALUE(_xlfn.TEXTAFTER(_xlpm.s,"-"))+0.5,1),"hh:mm"))),IF(Table2[[#This Row],[Column1]]=1,Table2[[#This Row],[Tuesday]],Table2[[#This Row],[Wednesday]])) -> OFF | E11: =IFERROR(_xlfn.LET(_xlpm.s,SUBSTITUTE(IF(Table2[[#This Row],[Column1]]=1,Table2[[#This Row],[Wednesday]],Table2[[#This Row],[Thursday]])," ",""),IF(_xlpm.s="OFF","OFF",TEXT(MOD(TIMEVALUE(_xlfn.TEXTBEFORE(_xlpm.s,"-"))+0.5,1),"hh:mm")&" - "&TEXT(MOD(TIMEVALUE(_xlfn.TEXTAFTER(_xlpm.s,"-"))+0.5,1),"hh:mm"))),IF(Table2[[#This Row],[Column1]]=1,Table2[[#This Row],[Wednesday]],Table2[[#This Row],[Thursday]])) -> OFF | F11: =IFERROR(_xlfn.LET(_xlpm.s,SUBSTITUTE(IF(Table2[[#This Row],[Column1]]=1,Table2[[#This Row],[Thursday]],Table2[[#This Row],[Friday]])," ",""),IF(_xlpm.s="OFF","OFF",TEXT(MOD(TIMEVALUE(_xlfn.TEXTBEFORE(_xlpm.s,"-"))+0.5,1),"hh:mm")&" - "&TEXT(MOD(TIMEVALUE(_xlfn.TEXTAFTER(_xlpm.s,"-"))+0.5,1),"hh:mm"))),IF(Table2[[#This Row],[Column1]]=1,Table2[[#This Row],[Thursday]],Table2[[#This Row],[Friday]])) -> 05:00 - 16:00 | G11: =IFERROR(_xlfn.LET(_xlpm.s,SUBSTITUTE(IF(Table2[[#This Row],[Column1]]=1,Table2[[#This Row],[Friday]],Table2[[#This Row],[Saturday]])," ",""),IF(_xlpm.s="OFF","OFF",TEXT(MOD(TIMEVALUE(_xlfn.TEXTBEFORE(_xlpm.s,"-"))+0.5,1),"hh:mm")&" - "&TEXT(MOD(TIMEVALUE(_xlfn.TEXTAFTER(_xlpm.s,"-"))+0.5,1),"hh:mm"))),IF(Table2[[#This Row],[Column1]]=1,Table2[[#This Row],[Friday]],Table2[[#This Row],[Saturday]])) -> 05:00 - 16:00 | H11: =IFERROR(_xlfn.LET(_xlpm.s,SUBSTITUTE(IF(Table2[[#This Row],[Column1]]=1,Table2[[#This Row],[Saturday]],Table2[[#This Row],[Sunday]])," ",""),IF(_xlpm.s="OFF","OFF",TEXT(MOD(TIMEVALUE(_xlfn.TEXTBEFORE(_xlpm.s,"-"))+0.5,1),"hh:mm")&" - "&TEXT(MOD(TIMEVALUE(_xlfn.TEXTAFTER(_xlpm.s,"-"))+0.5,1),"hh:mm"))),IF(Table2[[#This Row],[Column1]]=1,Table2[[#This Row],[Saturday]],Table2[[#This Row],[Sunday]])) -> 05:00 - 16:00 | I11: =_xlfn.TEXTJOIN(" - ",TRUE, IF(B11="OFF","Mon",""), IF(C11="OFF","Tue",""), IF(D11="OFF","Wed",""), IF(E11="OFF","Thu",""), IF(F11="OFF","Fri",""), IF(G11="OFF","Sat",""), IF(H11="OFF","Sun","")) -> Tue - Wed - Thu | J11: =MOD(Table2[[#This Row],[Break 1]]+TIME(12,0,0),1) -> 0.32291667 | K11: =MOD(Table2[[#This Row],[Break 2]]+TIME(12,0,0),1) -> 0.41666667 | L11: =MOD(Table2[[#This Row],[Lunch]]+TIME(12,0,0),1) -> 0.5 | M11: =MOD(Table2[[#This Row],[Break 3]]+TIME(12,0,0),1) -> 0.60416667 | N11: =Table2[[#This Row],[Supervisor]] -> Christopher Borromeo | O11: 05:00 - 16:00 | P11: =IF(TIMEVALUE(LEFT(O11,FIND("-",O11)-1))>=12/24,0,1) -> 1
A12: =Table2[[#This Row],[Name]] -> Jubell Matanguihan | B12: =IFERROR(_xlfn.LET(_xlpm.s,SUBSTITUTE(IF(Table2[[#This Row],[Column1]]=1,Table2[[#This Row],[Sunday]],Table2[[#This Row],[Monday]])," ",""),IF(_xlpm.s="OFF","OFF",TEXT(MOD(TIMEVALUE(_xlfn.TEXTBEFORE(_xlpm.s,"-"))+0.5,1),"hh:mm")&" - "&TEXT(MOD(TIMEVALUE(_xlfn.TEXTAFTER(_xlpm.s,"-"))+0.5,1),"hh:mm"))),IF(Table2[[#This Row],[Column1]]=1,Table2[[#This Row],[Sunday]],Table2[[#This Row],[Monday]])) -> OFF | C12: =IFERROR(_xlfn.LET(_xlpm.s,SUBSTITUTE(IF(Table2[[#This Row],[Column1]]=1,Table2[[#This Row],[Monday]],Table2[[#This Row],[Tuesday]])," ",""),IF(_xlpm.s="OFF","OFF",TEXT(MOD(TIMEVALUE(_xlfn.TEXTBEFORE(_xlpm.s,"-"))+0.5,1),"hh:mm")&" - "&TEXT(MOD(TIMEVALUE(_xlfn.TEXTAFTER(_xlpm.s,"-"))+0.5,1),"hh:mm"))),IF(Table2[[#This Row],[Column1]]=1,Table2[[#This Row],[Monday]],Table2[[#This Row],[Tuesday]])) -> 14:00 - 01:00 | D12: =IFERROR(_xlfn.LET(_xlpm.s,SUBSTITUTE(IF(Table2[[#This Row],[Column1]]=1,Table2[[#This Row],[Tuesday]],Table2[[#This Row],[Wednesday]])," ",""),IF(_xlpm.s="OFF","OFF",TEXT(MOD(TIMEVALUE(_xlfn.TEXTBEFORE(_xlpm.s,"-"))+0.5,1),"hh:mm")&" - "&TEXT(MOD(TIMEVALUE(_xlfn.TEXTAFTER(_xlpm.s,"-"))+0.5,1),"hh:mm"))),IF(Table2[[#This Row],[Column1]]=1,Table2[[#This Row],[Tuesday]],Table2[[#This Row],[Wednesday]])) -> 14:00 - 01:00 | E12: =IFERROR(_xlfn.LET(_xlpm.s,SUBSTITUTE(IF(Table2[[#This Row],[Column1]]=1,Table2[[#This Row],[Wednesday]],Table2[[#This Row],[Thursday]])," ",""),IF(_xlpm.s="OFF","OFF",TEXT(MOD(TIMEVALUE(_xlfn.TEXTBEFORE(_xlpm.s,"-"))+0.5,1),"hh:mm")&" - "&TEXT(MOD(TIMEVALUE(_xlfn.TEXTAFTER(_xlpm.s,"-"))+0.5,1),"hh:mm"))),IF(Table2[[#This Row],[Column1]]=1,Table2[[#This Row],[Wednesday]],Table2[[#This Row],[Thursday]])) -> 14:00 - 01:00 | F12: =IFERROR(_xlfn.LET(_xlpm.s,SUBSTITUTE(IF(Table2[[#This Row],[Column1]]=1,Table2[[#This Row],[Thursday]],Table2[[#This Row],[Friday]])," ",""),IF(_xlpm.s="OFF","OFF",TEXT(MOD(TIMEVALUE(_xlfn.TEXTBEFORE(_xlpm.s,"-"))+0.5,1),"hh:mm")&" - "&TEXT(MOD(TIMEVALUE(_xlfn.TEXTAFTER(_xlpm.s,"-"))+0.5,1),"hh:mm"))),IF(Table2[[#This Row],[Column1]]=1,Table2[[#This Row],[Thursday]],Table2[[#This Row],[Friday]])) -> 14:00 - 01:00 | G12: =IFERROR(_xlfn.LET(_xlpm.s,SUBSTITUTE(IF(Table2[[#This Row],[Column1]]=1,Table2[[#This Row],[Friday]],Table2[[#This Row],[Saturday]])," ",""),IF(_xlpm.s="OFF","OFF",TEXT(MOD(TIMEVALUE(_xlfn.TEXTBEFORE(_xlpm.s,"-"))+0.5,1),"hh:mm")&" - "&TEXT(MOD(TIMEVALUE(_xlfn.TEXTAFTER(_xlpm.s,"-"))+0.5,1),"hh:mm"))),IF(Table2[[#This Row],[Column1]]=1,Table2[[#This Row],[Friday]],Table2[[#This Row],[Saturday]])) -> OFF | H12: =IFERROR(_xlfn.LET(_xlpm.s,SUBSTITUTE(IF(Table2[[#This Row],[Column1]]=1,Table2[[#This Row],[Saturday]],Table2[[#This Row],[Sunday]])," ",""),IF(_xlpm.s="OFF","OFF",TEXT(MOD(TIMEVALUE(_xlfn.TEXTBEFORE(_xlpm.s,"-"))+0.5,1),"hh:mm")&" - "&TEXT(MOD(TIMEVALUE(_xlfn.TEXTAFTER(_xlpm.s,"-"))+0.5,1),"hh:mm"))),IF(Table2[[#This Row],[Column1]]=1,Table2[[#This Row],[Saturday]],Table2[[#This Row],[Sunday]])) -> OFF | I12: =_xlfn.TEXTJOIN(" - ",TRUE, IF(B12="OFF","Mon",""), IF(C12="OFF","Tue",""), IF(D12="OFF","Wed",""), IF(E12="OFF","Thu",""), IF(F12="OFF","Fri",""), IF(G12="OFF","Sat",""), IF(H12="OFF","Sun","")) -> Mon - Sat - Sun | J12: =MOD(Table2[[#This Row],[Break 1]]+TIME(12,0,0),1) -> 0.79166667 | K12: =MOD(Table2[[#This Row],[Break 2]]+TIME(12,0,0),1) -> 0.875 | L12: =MOD(Table2[[#This Row],[Lunch]]+TIME(12,0,0),1) -> 0.66666667 | M12: =MOD(Table2[[#This Row],[Break 3]]+TIME(12,0,0),1) -> 0.97916667 | N12: =Table2[[#This Row],[Supervisor]] -> Christopher Borromeo | O12: 14:00 - 01:00 | P12: =IF(TIMEVALUE(LEFT(O12,FIND("-",O12)-1))>=12/24,0,1) -> 0
A13: =Table2[[#This Row],[Name]] -> Lyka Mae Basco | B13: =IFERROR(_xlfn.LET(_xlpm.s,SUBSTITUTE(IF(Table2[[#This Row],[Column1]]=1,Table2[[#This Row],[Sunday]],Table2[[#This Row],[Monday]])," ",""),IF(_xlpm.s="OFF","OFF",TEXT(MOD(TIMEVALUE(_xlfn.TEXTBEFORE(_xlpm.s,"-"))+0.5,1),"hh:mm")&" - "&TEXT(MOD(TIMEVALUE(_xlfn.TEXTAFTER(_xlpm.s,"-"))+0.5,1),"hh:mm"))),IF(Table2[[#This Row],[Column1]]=1,Table2[[#This Row],[Sunday]],Table2[[#This Row],[Monday]])) -> 03:00 - 14:00 | C13: =IFERROR(_xlfn.LET(_xlpm.s,SUBSTITUTE(IF(Table2[[#This Row],[Column1]]=1,Table2[[#This Row],[Monday]],Table2[[#This Row],[Tuesday]])," ",""),IF(_xlpm.s="OFF","OFF",TEXT(MOD(TIMEVALUE(_xlfn.TEXTBEFORE(_xlpm.s,"-"))+0.5,1),"hh:mm")&" - "&TEXT(MOD(TIMEVALUE(_xlfn.TEXTAFTER(_xlpm.s,"-"))+0.5,1),"hh:mm"))),IF(Table2[[#This Row],[Column1]]=1,Table2[[#This Row],[Monday]],Table2[[#This Row],[Tuesday]])) -> 03:00 - 14:00 | D13: =IFERROR(_xlfn.LET(_xlpm.s,SUBSTITUTE(IF(Table2[[#This Row],[Column1]]=1,Table2[[#This Row],[Tuesday]],Table2[[#This Row],[Wednesday]])," ",""),IF(_xlpm.s="OFF","OFF",TEXT(MOD(TIMEVALUE(_xlfn.TEXTBEFORE(_xlpm.s,"-"))+0.5,1),"hh:mm")&" - "&TEXT(MOD(TIMEVALUE(_xlfn.TEXTAFTER(_xlpm.s,"-"))+0.5,1),"hh:mm"))),IF(Table2[[#This Row],[Column1]]=1,Table2[[#This Row],[Tuesday]],Table2[[#This Row],[Wednesday]])) -> OFF | E13: =IFERROR(_xlfn.LET(_xlpm.s,SUBSTITUTE(IF(Table2[[#This Row],[Column1]]=1,Table2[[#This Row],[Wednesday]],Table2[[#This Row],[Thursday]])," ",""),IF(_xlpm.s="OFF","OFF",TEXT(MOD(TIMEVALUE(_xlfn.TEXTBEFORE(_xlpm.s,"-"))+0.5,1),"hh:mm")&" - "&TEXT(MOD(TIMEVALUE(_xlfn.TEXTAFTER(_xlpm.s,"-"))+0.5,1),"hh:mm"))),IF(Table2[[#This Row],[Column1]]=1,Table2[[#This Row],[Wednesday]],Table2[[#This Row],[Thursday]])) -> OFF | F13: =IFERROR(_xlfn.LET(_xlpm.s,SUBSTITUTE(IF(Table2[[#This Row],[Column1]]=1,Table2[[#This Row],[Thursday]],Table2[[#This Row],[Friday]])," ",""),IF(_xlpm.s="OFF","OFF",TEXT(MOD(TIMEVALUE(_xlfn.TEXTBEFORE(_xlpm.s,"-"))+0.5,1),"hh:mm")&" - "&TEXT(MOD(TIMEVALUE(_xlfn.TEXTAFTER(_xlpm.s,"-"))+0.5,1),"hh:mm"))),IF(Table2[[#This Row],[Column1]]=1,Table2[[#This Row],[Thursday]],Table2[[#This Row],[Friday]])) -> OFF | G13: =IFERROR(_xlfn.LET(_xlpm.s,SUBSTITUTE(IF(Table2[[#This Row],[Column1]]=1,Table2[[#This Row],[Friday]],Table2[[#This Row],[Saturday]])," ",""),IF(_xlpm.s="OFF","OFF",TEXT(MOD(TIMEVALUE(_xlfn.TEXTBEFORE(_xlpm.s,"-"))+0.5,1),"hh:mm")&" - "&TEXT(MOD(TIMEVALUE(_xlfn.TEXTAFTER(_xlpm.s,"-"))+0.5,1),"hh:mm"))),IF(Table2[[#This Row],[Column1]]=1,Table2[[#This Row],[Friday]],Table2[[#This Row],[Saturday]])) -> 03:00 - 14:00 | H13: =IFERROR(_xlfn.LET(_xlpm.s,SUBSTITUTE(IF(Table2[[#This Row],[Column1]]=1,Table2[[#This Row],[Saturday]],Table2[[#This Row],[Sunday]])," ",""),IF(_xlpm.s="OFF","OFF",TEXT(MOD(TIMEVALUE(_xlfn.TEXTBEFORE(_xlpm.s,"-"))+0.5,1),"hh:mm")&" - "&TEXT(MOD(TIMEVALUE(_xlfn.TEXTAFTER(_xlpm.s,"-"))+0.5,1),"hh:mm"))),IF(Table2[[#This Row],[Column1]]=1,Table2[[#This Row],[Saturday]],Table2[[#This Row],[Sunday]])) -> 03:00 - 14:00 | I13: =_xlfn.TEXTJOIN(" - ",TRUE, IF(B13="OFF","Mon",""), IF(C13="OFF","Tue",""), IF(D13="OFF","Wed",""), IF(E13="OFF","Thu",""), IF(F13="OFF","Fri",""), IF(G13="OFF","Sat",""), IF(H13="OFF","Sun","")) -> Wed - Thu - Fri | J13: =MOD(Table2[[#This Row],[Break 1]]+TIME(12,0,0),1) -> 0.23958333 | K13: =MOD(Table2[[#This Row],[Break 2]]+TIME(12,0,0),1) -> 0.30208333 | L13: =MOD(Table2[[#This Row],[Lunch]]+TIME(12,0,0),1) -> 0.46875 | M13: =MOD(Table2[[#This Row],[Break 3]]+TIME(12,0,0),1) -> 0.36458333 | N13: =Table2[[#This Row],[Supervisor]] -> Michael Dominguez | O13: 03:00 - 14:00 | P13: =IF(TIMEVALUE(LEFT(O13,FIND("-",O13)-1))>=12/24,0,1) -> 1
... A20: =Table2[[#This Row],[Name]] -> Kurt Abong | B20: =IFERROR(_xlfn.LET(_xlpm.s,SUBSTITUTE(IF(Table2[[#This Row],[Column1]]=1,Table2[[#This Row],[Sunday]],Table2[[#This Row],[Monday]])," ",""),IF(_xlpm.s="OFF","OFF",TEXT(MOD(TIMEVALUE(_xlfn.TEXTBEFORE(_xlpm.s,"-"))+0.5,1),"hh:mm")&" - "&TEXT(MOD(TIMEVALUE(_xlfn.TEXTAFTER(_xlpm.s,"-"))+0.5,1),"hh:mm"))),IF(Table2[[#This Row],[Column1]]=1,Table2[[#This Row],[Sunday]],Table2[[#This Row],[Monday]])) -> OFF | C20: =IFERROR(_xlfn.LET(_xlpm.s,SUBSTITUTE(IF(Table2[[#This Row],[Column1]]=1,Table2[[#This Row],[Monday]],Table2[[#This Row],[Tuesday]])," ",""),IF(_xlpm.s="OFF","OFF",TEXT(MOD(TIMEVALUE(_xlfn.TEXTBEFORE(_xlpm.s,"-"))+0.5,1),"hh:mm")&" - "&TEXT(MOD(TIMEVALUE(_xlfn.TEXTAFTER(_xlpm.s,"-"))+0.5,1),"hh:mm"))),IF(Table2[[#This Row],[Column1]]=1,Table2[[#This Row],[Monday]],Table2[[#This Row],[Tuesday]])) -> OFF | D20: =IFERROR(_xlfn.LET(_xlpm.s,SUBSTITUTE(IF(Table2[[#This Row],[Column1]]=1,Table2[[#This Row],[Tuesday]],Table2[[#This Row],[Wednesday]])," ",""),IF(_xlpm.s="OFF","OFF",TEXT(MOD(TIMEVALUE(_xlfn.TEXTBEFORE(_xlpm.s,"-"))+0.5,1),"hh:mm")&" - "&TEXT(MOD(TIMEVALUE(_xlfn.TEXTAFTER(_xlpm.s,"-"))+0.5,1),"hh:mm"))),IF(Table2[[#This Row],[Column1]]=1,Table2[[#This Row],[Tuesday]],Table2[[#This Row],[Wednesday]])) -> 05:00 - 16:00 | E20: =IFERROR(_xlfn.LET(_xlpm.s,SUBSTITUTE(IF(Table2[[#This Row],[Column1]]=1,Table2[[#This Row],[Wednesday]],Table2[[#This Row],[Thursday]])," ",""),IF(_xlpm.s="OFF","OFF",TEXT(MOD(TIMEVALUE(_xlfn.TEXTBEFORE(_xlpm.s,"-"))+0.5,1),"hh:mm")&" - "&TEXT(MOD(TIMEVALUE(_xlfn.TEXTAFTER(_xlpm.s,"-"))+0.5,1),"hh:mm"))),IF(Table2[[#This Row],[Column1]]=1,Table2[[#This Row],[Wednesday]],Table2[[#This Row],[Thursday]])) -> 05:00 - 16:00 | F20: =IFERROR(_xlfn.LET(_xlpm.s,SUBSTITUTE(IF(Table2[[#This Row],[Column1]]=1,Table2[[#This Row],[Thursday]],Table2[[#This Row],[Friday]])," ",""),IF(_xlpm.s="OFF","OFF",TEXT(MOD(TIMEVALUE(_xlfn.TEXTBEFORE(_xlpm.s,"-"))+0.5,1),"hh:mm")&" - "&TEXT(MOD(TIMEVALUE(_xlfn.TEXTAFTER(_xlpm.s,"-"))+0.5,1),"hh:mm"))),IF(Table2[[#This Row],[Column1]]=1,Table2[[#This Row],[Thursday]],Table2[[#This Row],[Friday]])) -> 05:00 - 16:00 | G20: =IFERROR(_xlfn.LET(_xlpm.s,SUBSTITUTE(IF(Table2[[#This Row],[Column1]]=1,Table2[[#This Row],[Friday]],Table2[[#This Row],[Saturday]])," ",""),IF(_xlpm.s="OFF","OFF",TEXT(MOD(TIMEVALUE(_xlfn.TEXTBEFORE(_xlpm.s,"-"))+0.5,1),"hh:mm")&" - "&TEXT(MOD(TIMEVALUE(_xlfn.TEXTAFTER(_xlpm.s,"-"))+0.5,1),"hh:mm"))),IF(Table2[[#This Row],[Column1]]=1,Table2[[#This Row],[Friday]],Table2[[#This Row],[Saturday]])) -> 05:00 - 16:00 | H20: =IFERROR(_xlfn.LET(_xlpm.s,SUBSTITUTE(IF(Table2[[#This Row],[Column1]]=1,Table2[[#This Row],[Saturday]],Table2[[#This Row],[Sunday]])," ",""),IF(_xlpm.s="OFF","OFF",TEXT(MOD(TIMEVALUE(_xlfn.TEXTBEFORE(_xlpm.s,"-"))+0.5,1),"hh:mm")&" - "&TEXT(MOD(TIMEVALUE(_xlfn.TEXTAFTER(_xlpm.s,"-"))+0.5,1),"hh:mm"))),IF(Table2[[#This Row],[Column1]]=1,Table2[[#This Row],[Saturday]],Table2[[#This Row],[Sunday]])) -> OFF | I20: =_xlfn.TEXTJOIN(" - ",TRUE, IF(B20="OFF","Mon",""), IF(C20="OFF","Tue",""), IF(D20="OFF","Wed",""), IF(E20="OFF","Thu",""), IF(F20="OFF","Fri",""), IF(G20="OFF","Sat",""), IF(H20="OFF","Sun","")) -> Mon - Tue - Sun | J20: =MOD(Table2[[#This Row],[Break 1]]+TIME(12,0,0),1) -> 0.3125 | K20: =MOD(Table2[[#This Row],[Break 2]]+TIME(12,0,0),1) -> 0.90625 | L20: =MOD(Table2[[#This Row],[Lunch]]+TIME(12,0,0),1) -> 0.54166667 | M20: =MOD(Table2[[#This Row],[Break 3]]+TIME(12,0,0),1) -> 0.63541667 | N20: =Table2[[#This Row],[Supervisor]] -> Michael Dominguez | O20: 21:00 - 08:01 | P20: =IF(TIMEVALUE(LEFT(O20,FIND("-",O20)-1))>=12/24,0,1) -> 0

Sheet EST_OLD
A1: Name | B1: Monday | C1: Tuesday | D1: Wednesday | E1: Thursday | F1: Friday | G1: Saturday | H1: Sunday | I1: Rest Day | J1: Break 1 | K1: Break 2 | L1: Lunch | M1: Break 3 | N1: Supervisor | O1: Shift EST | P1: Column1

Sheet PH_OLD
A1: Name | B1: Monday | C1: Tuesday | D1: Wednesday | E1: Thursday | F1: Friday | G1: Saturday | H1: Sunday | I1: Rest Day | J1: Break 1 | K1: Break 2 | L1: Lunch | M1: Break 3 | N1: Supervisor | O1: Shift | P1: Column1

Sheet PTO
A1: Name | B1: EST Date | C1: Reason | D1: Supervisor

Sheet Called OFF
A1: Name | B1: EST Date | C1: Reason | D1: Supervisor
D2: =VLOOKUP(A2,EST!A:N,14,FALSE) -> #N/A
D3: =VLOOKUP(A3,EST!A:N,14,FALSE) -> #N/A
D4: =VLOOKUP(A4,EST!A:N,14,FALSE) -> #N/A
D5: =VLOOKUP(A5,EST!A:N,14,FALSE) -> #N/A
D6: =VLOOKUP(A6,EST!A:N,14,FALSE) -> #N/A
D7: =VLOOKUP(A7,EST!A:N,14,FALSE) -> #N/A
D8: =_xlfn.IFNA(VLOOKUP(A8,EST!A:N,14,FALSE),"")
D9: =_xlfn.IFNA(VLOOKUP(A9,EST!A:N,14,FALSE),"")
D10: =_xlfn.IFNA(VLOOKUP(A10,EST!A:N,14,FALSE),"")
D11: =_xlfn.IFNA(VLOOKUP(A11,EST!A:N,14,FALSE),"")
D12: =_xlfn.IFNA(VLOOKUP(A12,EST!A:N,14,FALSE),"")
D13: =_xlfn.IFNA(VLOOKUP(A13,EST!A:N,14,FALSE),"")
D14: =_xlfn.IFNA(VLOOKUP(A14,EST!A:N,14,FALSE),"")
D15: =_xlfn.IFNA(VLOOKUP(A15,EST!A:N,14,FALSE),"")
D16: =_xlfn.IFNA(VLOOKUP(A16,EST!A:N,14,FALSE),"")
D17: =_xlfn.IFNA(VLOOKUP(A17,EST!A:N,14,FALSE),"")
D18: =_xlfn.IFNA(VLOOKUP(A18,EST!A:N,14,FALSE),"")

Sheet NOTES

Sheet Sheet1
A1: Name | B1: Monday | C1: Tuesday | D1: Wednesday | E1: Thursday | F1: Friday | G1: Saturday | H1: Sunday | I1: Rest Day | J1: Break 1 | K1: Break 2 | L1: Lunch | M1: Break 3 | N1: Supervisor
A2: Erica Mae Villamor | B2: OFF | C2: OFF | D2: OFF | E2: 13:00 - 00:00 | F2: 13:00 - 00:00 | G2: 13:00 - 00:00 | H2: 13:00 - 00:00 | I2: Mon - Tue - Wed | J2: 0.625 | K2: 0.71875 | L2: 0.8125 | M2: 0.9375 | N2: Christopher Rodas
